"","Depth","Magnitude","INTENSITY","CONTINENT","YEAR.Cat"
"1",33,7.2,8,6,"1980"
"2",10,5.9,10,1,"1980"
"3",10,6.2,10,1,"1980"
"4",10,7.3,10,1,"1980"
"5",7,5.7,10,4,"1990"
"6",81.7,5.6,7,4,"1990"
"7",10,6,9,2,"2010"
"8",10,7.6,6,2,"2010"
"9",10,5.5,6,2,"2010"
"10",10,5.9,6,2,"2010"
"11",10,6,6,2,"2010"
"12",10,6.7,8,2,"2010"
"13",10,5.5,7,2,"2010"
"14",33,5.5,7,2,"2010"
"15",19,6.3,8,2,"2010"
"16",40,5.7,6,2,"1970"
"17",40,5.7,6,2,"1970"
"18",40,7.2,6,2,"1970"
"19",30,6.6,9,2,"1980"
"20",30,6.2,9,2,"1980"
"21",30,6,9,2,"1980"
"22",30,5.8,9,2,"1980"
"23",30,5.9,9,2,"1980"
"24",30,7.7,9,2,"1980"
"25",30,6,9,2,"1980"
"26",30,5.7,9,2,"1980"
"27",30,6,9,2,"1980"
"28",33,6.6,8,2,"2000"
"29",33,6.6,8,4,"2000"
"30",30.3,5.7,8,2,"2000"
"31",30.3,5.7,4,4,"2000"
"32",33,6.4,8,2,"2000"
"33",33,6.4,6,4,"2000"
"34",33,5.5,8,2,"2000"
"35",33,5.5,7,4,"2000"
"36",11,6.7,10,6,"2010"
"37",10,5.7,5,6,"2010"
"38",55.1,5.7,7,3,"2010"
"39",55.1,5.7,10,1,"2010"
"40",401.8,5.5,6,3,"2010"
"41",401.8,5.5,7,1,"2010"
"42",15.9,5.5,6,2,"2010"
"43",28.737,6.5,7,2,"2010"
"44",28.737,6.5,8,4,"2010"
"45",20,5.6,8,2,"1970"
"46",15,6.6,8,2,"1970"
"47",35.8,5.6,10,5,"1970"
"48",80,5.7,10,5,"1970"
"49",115,5.7,10,5,"1970"
"50",25,7.2,10,5,"1970"
"51",10,6.8,7,2,"2010"
"52",33,5.8,6,2,"2010"
"53",33,5.5,6,2,"2010"
"54",51,6,6,5,"2010"
"55",33,5.6,9,2,"1990"
"56",39.8,5.5,4,2,"1990"
"57",196.2,5.9,4,2,"1990"
"58",31.1,5.6,8,3,"1990"
"59",53.3,5.8,5,2,"1990"
"60",53.3,5.8,5,6,"1990"
"61",53.3,5.8,9,1,"1990"
"62",30.3,6.2,6,2,"1990"
"63",30.3,6.2,5,6,"1990"
"64",30.3,6.2,10,1,"1990"
"65",10,6.1,6,2,"2010"
"66",17.4,5.6,6,2,"2016"
"67",10,5.5,5,2,"2016"
"68",510.6,6.5,7,2,"2016"
"69",10,6.6,9,2,"1980"
"70",33,5.8,7,2,"2000"
"71",46.1,5.9,6,2,"2000"
"72",10,6.2,9,2,"2000"
"73",62.9,5.5,9,2,"2000"
"74",32,5.5,6,2,"2010"
"75",10,5.8,7,2,"2010"
"76",43,5.9,5,2,"2010"
"77",32.2,5.5,5,2,"2010"
"78",29.4,5.8,5,2,"2010"
"79",19,6.7,5,2,"2010"
"80",30,5.5,5,2,"2010"
"81",30,5.7,5,2,"2010"
"82",30,6.4,5,2,"2010"
"83",30,6.5,5,2,"2010"
"84",23.5,5.6,5,2,"2010"
"85",11.5,5.8,8,4,"2016"
"86",4,5.8,10,4,"2016"
"87",13,6.1,5,4,"2016"
"88",19,5.6,4,2,"2016"
"89",25,5.5,8,2,"2016"
"90",212,6.6,8,2,"2016"
"91",41,5.7,7,2,"2016"
"92",33,6.1,8,2,"1980"
"93",11,6.8,8,2,"1980"
"94",6,7.7,9,5,"1980"
"95",26.7,7.2,8,6,"1990"
"96",33,5.8,8,6,"1990"
"97",10,7.3,10,2,"2000"
"98",33,5.6,10,2,"2000"
"99",33,5.5,6,2,"1980"
"100",15,7,9,2,"1980"
"101",38,5.7,5,2,"1980"
"102",52,5.6,7,2,"1980"
"103",41,5.6,7,2,"1980"
"104",19,5.8,8,2,"1980"
"105",33,5.6,9,4,"2000"
"106",33,5.6,6,4,"2000"
"107",33,7.9,8,4,"2000"
"108",33,7.9,6,4,"2000"
"109",33,5.6,7,4,"2000"
"110",33,5.6,6,4,"2000"
"111",200.1,6.7,7,4,"2000"
"112",200.1,6.7,6,4,"2000"
"113",33,5.5,9,4,"2000"
"114",33,5.5,6,4,"2000"
"115",26.3,7.3,5,4,"2000"
"116",26.3,7.3,6,4,"2000"
"117",33,5.9,5,2,"2000"
"118",33,6.4,7,2,"2000"
"119",76.8,5.5,5,2,"2000"
"120",33,5.5,5,2,"2000"
"121",35,6,8,2,"2016"
"122",19.5,5.8,7,4,"2000"
"123",10,5.8,8,2,"2010"
"124",10,5.7,6,2,"2010"
"125",10,6.1,6,3,"2010"
"126",23,7,6,2,"2016"
"127",10,5.7,5,2,"2016"
"128",12,6.7,6,6,"2016"
"129",25,6.5,5,2,"1970"
"130",20,5.8,7,2,"1970"
"131",23,7.6,6,2,"1970"
"132",30,5.9,5,2,"1970"
"133",39.8,6.6,6,6,"1990"
"134",35.5,5.6,6,6,"1990"
"135",124.8,6.8,8,6,"1990"
"136",33,5.9,7,6,"1990"
"137",41.6,5.6,7,6,"1990"
"138",10,6,8,6,"1990"
"139",34,7.6,8,6,"1990"
"140",69.7,5.7,8,2,"2010"
"141",207,6,7,2,"2010"
"142",19,5.5,9,2,"2010"
"143",24,7.5,6,2,"2010"
"144",24,7.5,9,2,"2010"
"145",10,5.7,6,2,"2010"
"146",10,5.7,9,2,"2010"
"147",35,6.6,4,2,"2010"
"148",35,6.6,8,2,"2010"
"149",40.4,6.2,6,2,"2010"
"150",40.4,6.2,8,2,"2010"
"151",22.4,5.9,7,6,"2010"
"152",191.6,5.9,7,6,"2010"
"153",25,7.3,7,6,"2010"
"154",61.9,5.8,4,4,"2000"
"155",63.3,6,6,4,"2000"
"156",34.1,7.2,8,4,"2000"
"157",14,5.9,5,4,"2010"
"158",15,6.8,7,5,"2010"
"159",12,6.1,6,2,"2010"
"160",9,6.6,8,2,"2010"
"161",43.2,5.5,7,2,"2010"
"162",37.7,5.7,10,2,"2010"
"163",40,5.9,9,1,"2016"
"164",121,6.1,7,1,"2016"
"165",15,6.3,11,5,"1970"
"166",10,6,11,5,"1970"
"167",10,6.6,11,5,"1970"
"168",10,5.7,11,5,"1970"
"169",10,5.8,11,5,"1970"
"170",10,5.6,8,4,"1990"
"171",8.881,5.9,8,4,"1990"
"172",76.3,5.8,8,4,"1990"
"173",33,5.6,8,2,"2000"
"174",33,6.4,8,2,"2000"
"175",430.8,6.1,8,2,"2000"
"176",10,6.7,9,2,"2010"
"177",87.3,5.6,7,4,"2010"
"178",10,5.9,9,4,"2010"
"179",10,5.6,8,4,"2010"
"180",547.4,5.6,10,5,"2010"
"181",10,5.5,8,2,"2010"
"182",14,5.8,7,2,"2010"
"183",9,6.6,8,2,"2010"
"184",80.8,5.5,8,2,"2010"
"185",10,5.6,7,2,"2016"
"186",9,7.8,6,6,"1980"
"187",33,6.1,8,6,"1980"
"188",33,5.7,5,6,"1980"
"189",5,5.7,7,2,"1990"
"190",35,5.5,6,2,"2010"
"191",23,6.1,8,2,"2010"
"192",16,5.8,8,2,"2010"
"193",51,6,7,2,"1980"
"194",11,5.5,8,2,"1980"
"195",22,5.7,9,2,"2000"
"196",33,6.1,6,2,"2000"
"197",211,6.2,7,2,"2000"
"198",32.8,6.1,6,2,"2010"
"199",10,5.5,4,2,"2010"
"200",10,6.4,8,2,"2010"
"201",49.9,5.7,8,2,"2010"
"202",10,5.5,9,2,"2010"
"203",10,6.7,9,2,"2010"
"204",10,7.5,8,2,"2010"
"205",10,5.9,8,2,"2010"
"206",10,5.5,8,2,"2010"
"207",6,5.8,8,2,"2016"
"208",20,6.5,8,2,"2016"
"209",28.4,5.5,5,2,"2016"
"210",13.7,6.8,6,2,"2016"
"211",10,5.6,7,5,"2016"
"212",83.02,5.5,7,5,"2016"
"213",126,5.8,7,5,"2016"
"214",12,6.9,7,5,"2016"
"215",10,6.9,7,5,"2016"
"216",13,5.6,7,5,"2016"
"217",113,6.1,7,4,"1980"
"218",25,5.7,7,4,"1980"
"219",33,5.7,7,4,"1980"
"220",41,5.5,7,4,"1980"
"221",424,5.8,7,4,"1980"
"222",40,6.8,9,2,"1980"
"223",33,5.9,7,2,"1990"
"224",33,5.9,6,4,"1990"
"225",45.7,7.1,7,2,"1990"
"226",45.7,7.1,6,4,"1990"
"227",33,5.6,4,5,"1990"
"228",33,5.5,4,5,"1990"
"229",28.6,7.4,6,2,"1990"
"230",28.6,7.4,8,4,"1990"
"231",37.3,5.6,6,2,"1990"
"232",37.3,5.6,6,4,"1990"
"233",30.2,6,6,2,"1990"
"234",30.2,6,6,4,"1990"
"235",38.7,5.5,6,2,"1990"
"236",38.7,5.5,4,4,"1990"
"237",50.3,5.5,6,2,"1990"
"238",50.3,5.5,8,4,"1990"
"239",33,5.5,6,2,"1990"
"240",33,5.5,8,4,"1990"
"241",139.5,6.1,6,2,"1990"
"242",139.5,6.1,8,4,"1990"
"243",33,5.7,6,5,"2000"
"244",19.9,6.7,8,5,"2000"
"245",52.2,5.5,6,4,"2000"
"246",33,7.2,6,4,"2000"
"247",33,6.3,6,2,"2000"
"248",300,5.5,6,2,"2010"
"249",10,5.8,7,2,"2010"
"250",105,5.8,10,2,"2010"
"251",10,6.3,6,2,"2016"
"252",28,5.6,8,2,"2016"
"253",558.2,5.7,7,2,"2000"
"254",202.8,5.7,7,2,"2000"
"255",33,7.3,7,2,"2000"
"256",10,5.7,6,2,"2010"
"257",10,5.5,7,2,"2010"
"258",116,6.2,8,4,"2016"
"259",555.5,5.7,7,4,"2016"
"260",59,6.5,7,4,"2016"
"261",10,6.7,8,3,"1980"
"262",33,5.5,6,2,"2000"
"263",33,5.6,6,2,"2000"
"264",24,7.9,6,2,"2000"
"265",33,6,6,2,"2000"
"266",33,6.6,6,2,"2000"
"267",33,7.5,8,2,"2010"
"268",33,6.8,7,2,"2010"
"269",44.5,5.8,6,2,"2010"
"270",44.5,5.8,7,4,"2010"
"271",29.4,6.1,6,2,"2010"
"272",29.4,6.1,6,4,"2010"
"273",28.3,5.7,6,2,"2010"
"274",28.3,5.7,8,4,"2010"
"275",10,5.5,6,2,"2010"
"276",10,5.5,7,4,"2010"
"277",6,5.6,7,2,"2010"
"278",35,5.8,6,2,"2010"
"279",34,6.3,6,2,"2010"
"280",430.5,7.2,7,2,"1970"
"281",13.3,6.1,7,2,"1970"
"282",28.7,5.6,9,3,"1990"
"283",62.7,5.7,7,3,"1990"
"284",33,6,6,2,"2000"
"285",33,5.5,9,2,"2000"
"286",10,6,5,2,"2010"
"287",10,5.6,7,1,"2010"
"288",22.7,5.7,7,2,"2010"
"289",32.4,5.7,5,2,"2010"
"290",19,6.3,8,2,"2010"
"291",204,6.3,9,2,"2010"
"292",10,5.5,8,2,"2010"
"293",20,7.2,8,2,"2010"
"294",10,5.7,9,2,"2010"
"295",35,5.5,7,2,"2010"
"296",35,5.5,5,2,"2010"
"297",29.1,5.5,6,2,"2010"
"298",35,5.6,5,2,"2010"
"299",25,5.9,4,2,"2010"
"300",35,6,8,2,"2010"
"301",21.6,5.5,10,2,"2010"
"302",10,5.5,4,2,"2016"
"303",15,5.9,9,5,"2016"
"304",26,6.9,8,5,"2016"
"305",12,6.2,9,5,"2016"
"306",10,5.5,7,5,"2016"
"307",39,6,5,4,"1970"
"308",33,5.5,5,3,"1980"
"309",33,5.6,6,3,"1980"
"310",63,5.7,6,3,"1980"
"311",33,6.4,8,2,"1990"
"312",31.5,6,8,5,"2010"
"313",8,5.6,8,5,"2010"
"314",18,7,8,5,"2010"
"315",35,5.6,8,5,"2010"
"316",307.6,5.6,6,5,"2010"
"317",11,6.9,9,5,"2010"
"318",21.5,5.6,6,2,"2016"
"319",21.5,5.6,6,2,"2016"
"320",21.5,5.6,6,2,"2016"
"321",35,6.4,5,2,"2016"
"322",35,6.4,7,2,"2016"
"323",35,6.4,7,2,"2016"
"324",9.1,5.5,8,2,"2016"
"325",9.1,5.5,9,2,"2016"
"326",9.1,5.5,8,2,"2016"
"327",42.6,7.9,9,2,"2016"
"328",42.6,7.9,6,2,"2016"
"329",42.6,7.9,5,2,"2016"
"330",12.4,5.7,6,2,"2016"
"331",12.4,5.7,9,2,"2016"
"332",12.4,5.7,8,2,"2016"
"333",32.3,6.3,6,2,"2016"
"334",32.3,6.3,4,2,"2016"
"335",32.3,6.3,6,2,"2016"
"336",10.2,5.8,5,2,"2016"
"337",10.2,5.8,7,2,"2016"
"338",10.2,5.8,6,2,"2016"
"339",21.9,5.7,7,2,"2016"
"340",21.9,5.7,6,2,"2016"
"341",21.9,5.7,5,2,"2016"
"342",20,5.9,5,2,"2016"
"343",20,5.9,9,2,"2016"
"344",20,5.9,5,2,"2016"
"345",2.2,5.5,6,2,"2016"
"346",2.2,5.5,8,2,"2016"
"347",2.2,5.5,8,2,"2016"
"348",39.1,5.9,6,2,"2016"
"349",39.1,5.9,4,2,"2016"
"350",39.1,5.9,10,2,"2016"
"351",35,5.9,3,2,"2016"
"352",35,5.9,6,2,"2016"
"353",35,5.9,8,2,"2016"
"354",39.5,6.1,5,2,"2016"
"355",39.5,6.1,6,2,"2016"
"356",39.5,6.1,8,2,"2016"
"357",9.3,6.2,7,2,"2016"
"358",9.3,6.2,7,2,"2016"
"359",9.3,6.2,7,2,"2016"
"360",13.8,5.8,7,2,"2016"
"361",13.8,5.8,7,2,"2016"
"362",13.8,5.8,7,2,"2016"
"363",36.1,5.7,5,2,"2016"
"364",36.1,5.7,9,2,"2016"
"365",36.1,5.7,9,2,"2016"
"366",35,5.5,8,2,"2016"
"367",35,5.5,6,2,"2016"
"368",35,5.5,4,2,"2016"
"369",16,6.6,6,2,"2016"
"370",16,6.6,7,2,"2016"
"371",16,6.6,8,2,"2016"
"372",15.1,5.5,8,2,"2016"
"373",15.1,5.5,5,2,"2016"
"374",15.1,5.5,6,2,"2016"
"375",10,6.2,8,2,"2016"
"376",10,6.2,7,2,"2016"
"377",10,6.2,7,2,"2016"
"378",28.2,5.7,9,2,"2016"
"379",28.2,5.7,6,2,"2016"
"380",28.2,5.7,6,2,"2016"
"381",10,5.7,10,2,"2016"
"382",10,5.7,9,2,"2016"
"383",10,5.7,6,2,"2016"
"384",49.2,6,9,2,"2016"
"385",49.2,6,6,2,"2016"
"386",49.2,6,6,2,"2016"
"387",19.1,5.6,9,2,"2016"
"388",19.1,5.6,7,2,"2016"
"389",19.1,5.6,6,2,"2016"
"390",48.9,5.7,8,2,"2016"
"391",48.9,5.7,6,2,"2016"
"392",48.9,5.7,6,2,"2016"
"393",20.7,5.5,8,2,"2016"
"394",20.7,5.5,6,2,"2016"
"395",20.7,5.5,9,2,"2016"
"396",41,6.1,7,2,"2016"
"397",41,6.1,5,2,"2016"
"398",41,6.1,7,2,"2016"
"399",25.7,6.6,6,2,"2016"
"400",25.7,6.6,5,2,"2016"
"401",25.7,6.6,8,2,"2016"
"402",45.4,6.3,8,2,"2016"
"403",45.4,6.3,6,2,"2016"
"404",45.4,6.3,8,2,"2016"
"405",1.7,5.5,7,2,"2016"
"406",1.7,5.5,6,2,"2016"
"407",1.7,5.5,6,2,"2016"
"408",35,5.7,7,2,"2016"
"409",35,5.7,6,2,"2016"
"410",35,5.7,4,2,"2016"
"411",25.4,6.2,9,2,"2016"
"412",25.4,6.2,8,2,"2016"
"413",25.4,6.2,5,2,"2016"
"414",15.4,5.7,6,2,"2016"
"415",15.4,5.7,7,2,"2016"
"416",15.4,5.7,8,2,"2016"
"417",17.7,5.8,7,2,"2016"
"418",17.7,5.8,7,2,"2016"
"419",17.7,5.8,8,2,"2016"
"420",23.7,5.8,8,2,"2016"
"421",23.7,5.8,7,2,"2016"
"422",23.7,5.8,10,2,"2016"
"423",27.1,6,6,2,"2016"
"424",27.1,6,5,2,"2016"
"425",27.1,6,8,2,"2016"
"426",25.8,5.6,8,2,"2016"
"427",25.8,5.6,7,2,"2016"
"428",25.8,5.6,5,2,"2016"
"429",39.5,5.8,7,2,"2016"
"430",39.5,5.8,7,2,"2016"
"431",39.5,5.8,5,2,"2016"
"432",19.3,5.9,8,2,"2016"
"433",19.3,5.9,6,2,"2016"
"434",19.3,5.9,8,2,"2016"
"435",35,6.3,6,2,"2016"
"436",35,6.3,8,2,"2016"
"437",35,6.3,7,2,"2016"
"438",19.6,5.9,6,2,"2016"
"439",19.6,5.9,7,2,"2016"
"440",19.6,5.9,3,2,"2016"
"441",35,5.7,7,2,"2016"
"442",35,5.7,7,2,"2016"
"443",35,5.7,7,2,"2016"
"444",28.4,6.1,7,2,"2016"
"445",28.4,6.1,7,2,"2016"
"446",28.4,6.1,6,2,"2016"
"447",23.1,5.5,8,2,"2016"
"448",23.1,5.5,7,2,"2016"
"449",23.1,5.5,8,2,"2016"
"450",35,5.6,7,2,"2016"
"451",35,5.6,8,2,"2016"
"452",35,5.6,9,2,"2016"
"453",25.9,5.5,8,2,"2016"
"454",25.9,5.5,8,2,"2016"
"455",25.9,5.5,8,2,"2016"
"456",29,9.1,5,2,"2016"
"457",29,9.1,8,2,"2016"
"458",29,9.1,9,2,"2016"
"459",10,5.7,8,2,"2016"
"460",10,5.7,8,2,"2016"
"461",10,5.7,10,2,"2016"
"462",39.6,6.2,9,2,"2016"
"463",39.6,6.2,7,2,"2016"
"464",39.6,6.2,8,2,"2016"
"465",19.5,5.6,8,2,"2016"
"466",19.5,5.6,9,2,"2016"
"467",19.5,5.6,5,2,"2016"
"468",40.6,6.1,8,2,"2016"
"469",40.6,6.1,5,2,"2016"
"470",40.6,6.1,8,2,"2016"
"471",15.6,5.7,8,2,"2016"
"472",15.6,5.7,8,2,"2016"
"473",15.6,5.7,10,2,"2016"
"474",57.7,5.6,6,2,"2016"
"475",57.7,5.6,9,2,"2016"
"476",57.7,5.6,6,2,"2016"
"477",35,5.7,9,2,"2016"
"478",35,5.7,6,2,"2016"
"479",35,5.7,8,2,"2016"
"480",10.3,5.8,7,2,"2016"
"481",10.3,5.8,7,2,"2016"
"482",10.3,5.8,4,2,"2016"
"483",35,5.8,6,2,"2016"
"484",35,5.8,6,2,"2016"
"485",35,5.8,9,2,"2016"
"486",17.4,6.1,8,2,"2016"
"487",17.4,6.1,7,2,"2016"
"488",17.4,6.1,8,2,"2016"
"489",38.5,5.8,5,2,"2016"
"490",38.5,5.8,7,2,"2016"
"491",38.5,5.8,7,2,"2016"
"492",24.7,6.3,7,2,"2016"
"493",24.7,6.3,8,2,"2016"
"494",24.7,6.3,6,2,"2016"
"495",40.1,6.2,10,2,"2016"
"496",40.1,6.2,7,2,"2016"
"497",40.1,6.2,7,2,"2016"
"498",0.7,5.7,8,2,"2016"
"499",0.7,5.7,5,2,"2016"
"500",0.7,5.7,7,2,"2016"
"501",26.6,5.9,7,2,"2016"
"502",26.6,5.9,5,2,"2016"
"503",26.6,5.9,10,2,"2016"
"504",35.9,6.3,6,2,"2016"
"505",35.9,6.3,8,2,"2016"
"506",35.9,6.3,8,2,"2016"
"507",39.5,5.9,8,2,"2016"
"508",39.5,5.9,5,2,"2016"
"509",39.5,5.9,5,2,"2016"
"510",35,5.8,8,2,"2016"
"511",35,5.8,9,2,"2016"
"512",35,5.8,8,2,"2016"
"513",39.8,5.9,8,2,"2016"
"514",39.8,5.9,8,2,"2016"
"515",39.8,5.9,6,2,"2016"
"516",56.3,6.2,6,2,"2016"
"517",56.3,6.2,6,2,"2016"
"518",56.3,6.2,7,2,"2016"
"519",6.3,5.8,7,2,"2016"
"520",6.3,5.8,7,2,"2016"
"521",6.3,5.8,6,2,"2016"
"522",35,5.7,4,2,"2016"
"523",35,5.7,8,2,"2016"
"524",35,5.7,8,2,"2016"
"525",40.1,5.5,8,2,"2016"
"526",40.1,5.5,4,2,"2016"
"527",40.1,5.5,8,2,"2016"
"528",42.8,6,7,2,"2016"
"529",42.8,6,7,2,"2016"
"530",42.8,6,7,2,"2016"
"531",35,5.6,6,2,"2016"
"532",35,5.6,6,2,"2016"
"533",35,5.6,9,2,"2016"
"534",22.6,5.9,8,2,"2016"
"535",22.6,5.9,8,2,"2016"
"536",22.6,5.9,7,2,"2016"
"537",2.8,6.7,9,2,"2016"
"538",2.8,6.7,8,2,"2016"
"539",2.8,6.7,6,2,"2016"
"540",51.3,5.5,7,2,"2016"
"541",51.3,5.5,9,2,"2016"
"542",51.3,5.5,5,2,"2016"
"543",25.3,5.7,9,2,"2016"
"544",25.3,5.7,4,2,"2016"
"545",25.3,5.7,4,2,"2016"
"546",36.3,5.8,6,2,"2016"
"547",36.3,5.8,6,2,"2016"
"548",36.3,5.8,9,2,"2016"
"549",4.7,5.5,7,2,"2016"
"550",4.7,5.5,8,2,"2016"
"551",4.7,5.5,4,2,"2016"
"552",39.3,5.7,6,2,"2016"
"553",39.3,5.7,7,2,"2016"
"554",39.3,5.7,9,2,"2016"
"555",47.3,6.1,6,2,"2016"
"556",47.3,6.1,7,2,"2016"
"557",47.3,6.1,7,2,"2016"
"558",11.7,6.2,8,2,"2016"
"559",11.7,6.2,8,2,"2016"
"560",11.7,6.2,5,2,"2016"
"561",36.6,5.5,9,2,"2016"
"562",36.6,5.5,8,2,"2016"
"563",36.6,5.5,7,2,"2016"
"564",33.7,5.8,8,2,"2016"
"565",33.7,5.8,8,2,"2016"
"566",33.7,5.8,6,2,"2016"
"567",37.3,6,9,2,"2016"
"568",37.3,6,7,2,"2016"
"569",37.3,6,6,2,"2016"
"570",47.3,5.6,7,2,"2016"
"571",47.3,5.6,7,2,"2016"
"572",47.3,5.6,7,2,"2016"
"573",50.2,5.8,4,2,"2016"
"574",50.2,5.8,8,2,"2016"
"575",50.2,5.8,8,2,"2016"
"576",5.8,5.5,7,2,"2016"
"577",5.8,5.5,8,2,"2016"
"578",5.8,5.5,8,2,"2016"
"579",17,5.5,4,2,"2016"
"580",17,5.5,7,2,"2016"
"581",17,5.5,9,2,"2016"
"582",34.2,5.8,8,2,"2016"
"583",34.2,5.8,8,2,"2016"
"584",34.2,5.8,4,2,"2016"
"585",18.6,7.7,7,2,"2016"
"586",18.6,7.7,9,2,"2016"
"587",18.6,7.7,6,2,"2016"
"588",8.4,5.9,8,2,"2016"
"589",8.4,5.9,8,2,"2016"
"590",8.4,5.9,6,2,"2016"
"591",33.6,5.5,5,2,"2016"
"592",33.6,5.5,9,2,"2016"
"593",33.6,5.5,8,2,"2016"
"594",9.3,5.6,7,2,"2016"
"595",9.3,5.6,7,2,"2016"
"596",9.3,5.6,7,2,"2016"
"597",35,5.5,5,2,"2016"
"598",35,5.5,6,2,"2016"
"599",35,5.5,6,2,"2016"
"600",41.6,5.8,9,2,"2016"
"601",41.6,5.8,6,2,"2016"
"602",41.6,5.8,9,2,"2016"
"603",50.8,5.7,9,2,"2016"
"604",50.8,5.7,5,2,"2016"
"605",50.8,5.7,8,2,"2016"
"606",27.6,6,7,2,"2016"
"607",27.6,6,7,2,"2016"
"608",27.6,6,4,2,"2016"
"609",32.3,6.4,7,2,"2016"
"610",32.3,6.4,6,2,"2016"
"611",32.3,6.4,7,2,"2016"
"612",38,5.6,9,2,"2016"
"613",38,5.6,8,2,"2016"
"614",38,5.6,9,2,"2016"
"615",42.7,6.3,6,2,"2016"
"616",42.7,6.3,7,2,"2016"
"617",42.7,6.3,8,2,"2016"
"618",51.7,6.2,8,2,"2016"
"619",51.7,6.2,9,2,"2016"
"620",51.7,6.2,8,2,"2016"
"621",35,5.6,6,2,"2016"
"622",35,5.6,7,2,"2016"
"623",35,5.6,7,2,"2016"
"624",41.8,5.6,7,2,"2016"
"625",41.8,5.6,6,2,"2016"
"626",41.8,5.6,9,2,"2016"
"627",35,5.7,7,2,"2016"
"628",35,5.7,8,2,"2016"
"629",35,5.7,9,2,"2016"
"630",6.8,6.5,9,2,"2016"
"631",6.8,6.5,10,2,"2016"
"632",6.8,6.5,8,2,"2016"
"633",50.7,6.3,6,2,"2016"
"634",50.7,6.3,7,2,"2016"
"635",50.7,6.3,8,2,"2016"
"636",17,6.1,8,2,"2016"
"637",17,6.1,8,2,"2016"
"638",17,6.1,8,2,"2016"
"639",40.6,6.2,9,2,"2016"
"640",40.6,6.2,6,2,"2016"
"641",40.6,6.2,8,2,"2016"
"642",35,5.5,8,2,"2016"
"643",35,5.5,6,2,"2016"
"644",35,5.5,10,2,"2016"
"645",39.2,5.5,7,2,"2016"
"646",39.2,5.5,4,2,"2016"
"647",39.2,5.5,9,2,"2016"
"648",35,5.9,6,2,"2016"
"649",35,5.9,3,2,"2016"
"650",35,5.9,6,2,"2016"
"651",26.5,6,6,2,"2016"
"652",26.5,6,6,2,"2016"
"653",26.5,6,7,2,"2016"
"654",35,5.5,6,2,"2016"
"655",35,5.5,8,2,"2016"
"656",35,5.5,6,2,"2016"
"657",52.4,5.6,9,2,"2016"
"658",52.4,5.6,4,2,"2016"
"659",52.4,5.6,5,2,"2016"
"660",25.8,5.5,6,2,"2016"
"661",25.8,5.5,4,2,"2016"
"662",25.8,5.5,4,2,"2016"
"663",44.9,5.8,9,2,"2016"
"664",44.9,5.8,5,2,"2016"
"665",44.9,5.8,6,2,"2016"
"666",30.6,5.9,9,2,"2016"
"667",30.6,5.9,6,2,"2016"
"668",30.6,5.9,7,2,"2016"
"669",46.2,5.5,6,2,"2016"
"670",46.2,5.5,6,2,"2016"
"671",46.2,5.5,8,2,"2016"
"672",35,5.5,7,2,"2016"
"673",35,5.5,7,2,"2016"
"674",35,5.5,6,2,"2016"
"675",52.8,6,7,2,"2016"
"676",52.8,6,6,2,"2016"
"677",52.8,6,6,2,"2016"
"678",47.2,5.8,6,2,"2016"
"679",47.2,5.8,8,2,"2016"
"680",47.2,5.8,8,2,"2016"
"681",8.1,5.7,8,2,"2016"
"682",8.1,5.7,9,2,"2016"
"683",8.1,5.7,6,2,"2016"
"684",49.3,6.5,5,2,"2016"
"685",49.3,6.5,6,2,"2016"
"686",49.3,6.5,9,2,"2016"
"687",47.5,6,8,2,"2016"
"688",47.5,6,4,2,"2016"
"689",47.5,6,7,2,"2016"
"690",21,6.3,5,2,"2016"
"691",21,6.3,6,2,"2016"
"692",21,6.3,6,2,"2016"
"693",19.7,5.6,8,2,"2016"
"694",19.7,5.6,6,2,"2016"
"695",19.7,5.6,7,2,"2016"
"696",33.3,5.6,10,2,"2016"
"697",33.3,5.6,6,2,"2016"
"698",33.3,5.6,8,2,"2016"
"699",35,5.5,8,2,"2016"
"700",35,5.5,10,2,"2016"
"701",35,5.5,9,2,"2016"
"702",14.2,5.5,8,2,"2016"
"703",10,5.5,7,2,"2016"
"704",33,5.5,8,2,"2000"
"705",15,6.2,6,2,"2000"
"706",18,5.5,7,3,"2010"
"707",18,5.5,6,3,"2010"
"708",15,6.2,8,2,"2016"
"709",10,5.5,7,2,"2016"
"710",10,5.8,7,2,"2016"
"711",17.1,5.5,8,2,"2016"
"712",11,6.6,6,2,"2016"
"713",20.8,5.5,4,2,"2016"
"714",20.8,5.5,6,2,"2016"
"715",20,8.6,5,2,"2016"
"716",20,8.6,7,2,"2016"
"717",10,5.8,6,2,"2016"
"718",10,5.8,10,2,"2016"
"719",25.1,8.2,7,2,"2016"
"720",25.1,8.2,6,2,"2016"
"721",10,5.8,10,2,"2016"
"722",10,5.8,10,2,"2016"
"723",10,5.9,7,2,"2016"
"724",10,5.9,9,2,"2016"
"725",8,6,8,2,"2016"
"726",8,6,7,2,"2016"
"727",20,6.5,6,2,"2016"
"728",20,6.5,6,2,"2016"
"729",10,5.7,8,2,"2016"
"730",10,5.7,5,2,"2016"
"731",5,5.5,6,2,"2016"
"732",5,5.5,6,2,"2016"
"733",10,6,6,2,"2016"
"734",10,6,7,2,"2016"
"735",14.5,5.5,7,2,"2016"
"736",14.5,5.5,8,2,"2016"
"737",13.9,5.5,8,3,"1990"
"738",10,5.6,6,3,"2016"
"739",15,6.1,7,2,"2016"
"740",212.9,6.4,5,2,"2016"
"741",8.9,5.5,8,2,"2016"
"742",58,7.2,7,2,"1970"
"743",32.6,5.7,6,2,"1970"
"744",35,5.6,8,2,"1970"
"745",31.6,5.5,9,2,"1970"
"746",20,5.6,8,2,"1970"
"747",40.7,7,8,2,"1970"
"748",110.6,6.6,7,6,"1970"
"749",15,7.3,7,6,"1970"
"750",35,5.8,10,4,"1980"
"751",35,6.5,8,4,"1980"
"752",25,6.8,9,4,"1980"
"753",330.8,7.7,6,2,"1980"
"754",150,5.7,7,2,"1980"
"755",33,6.7,8,2,"1990"
"756",33,5.8,7,5,"1990"
"757",17.8,6,7,5,"1990"
"758",18.8,6.3,7,5,"1990"
"759",662.8,5.9,6,2,"2010"
"760",140,6.3,8,2,"2010"
"761",16,5.7,7,2,"2016"
"762",79,5.9,9,1,"1980"
"763",33,5.8,9,1,"1980"
"764",12.5,6.8,8,2,"2000"
"765",10,6.7,6,4,"2000"
"766",20,6.5,10,2,"2016"
"767",25,7.2,6,6,"1970"
"768",30,6,4,6,"1970"
"769",30,7.6,9,6,"1970"
"770",30,5.8,8,6,"1970"
"771",30,6.9,8,6,"1970"
"772",25,6.2,7,3,"1970"
"773",25,6.2,9,2,"1970"
"774",35,6.2,7,3,"1970"
"775",35,6.2,9,2,"1970"
"776",30,5.8,7,3,"1970"
"777",30,5.8,9,2,"1970"
"778",30,5.7,7,3,"1970"
"779",30,5.7,9,2,"1970"
"780",25,6.2,7,3,"1970"
"781",25,6.2,9,2,"1970"
"782",35,5.6,7,3,"1970"
"783",35,5.6,9,2,"1970"
"784",25,7.5,7,3,"1970"
"785",25,7.5,9,2,"1970"
"786",13.2,6.3,7,6,"1970"
"787",45,6.9,6,6,"1970"
"788",20,5.7,8,6,"1970"
"789",10,6.2,4,2,"1990"
"790",33,6.1,5,2,"1990"
"791",10,5.5,11,2,"1990"
"792",32.2,5.8,9,2,"1990"
"793",131.3,5.5,7,5,"1990"
"794",25.9,5.5,8,2,"2000"
"795",17.7,5.5,6,2,"2000"
"796",59.3,5.5,8,2,"2000"
"797",15.5,6.4,7,2,"2000"
"798",100.2,6,6,2,"2010"
"799",10,5.7,9,2,"2010"
"800",10,6,6,2,"2010"
"801",10,5.5,7,2,"2010"
"802",10,6,8,2,"2010"
"803",7.4,5.7,8,2,"2010"
"804",13,6,9,5,"2010"
"805",496.8,5.7,7,2,"2016"
"806",44,5.8,9,2,"2016"
"807",10,5.6,7,2,"2016"
"808",12,6.2,10,2,"2016"
"809",11,6.4,8,2,"2016"
"810",16,5.5,7,3,"1980"
"811",10,5.6,3,1,"2000"
"812",10.8,6.4,10,1,"2000"
"813",96,6.6,8,2,"2010"
"814",25,6.8,8,2,"2010"
"815",33,7.4,5,6,"1980"
"816",15,5.5,5,6,"1980"
"817",24.7,7,8,6,"1990"
"818",17.9,5.5,8,6,"1990"
"819",21.5,5.8,7,1,"2000"
"820",37,7,8,4,"2010"
"821",37,7,9,4,"2010"
"822",201.2,5.5,8,4,"2010"
"823",201.2,5.5,6,4,"2010"
"824",20,6.1,8,4,"2010"
"825",20,6.1,6,4,"2010"
"826",63,6,5,3,"2016"
"827",40,6.6,9,3,"2016"
"828",96.63,5.5,9,3,"2016"
"829",4.41,5.5,5,3,"2016"
"830",33,5.9,8,5,"1980"
"831",16.1,5.5,6,4,"1990"
"832",33,5.6,8,2,"2000"
"833",33,7.7,8,5,"2000"
"834",33,5.5,8,5,"2000"
"835",33,5.6,8,5,"2000"
"836",10,5.5,9,2,"2000"
"837",10,7.2,9,2,"2000"
"838",10,5.8,6,2,"2010"
"839",168.7,5.5,7,2,"2010"
"840",20,5.9,7,2,"1970"
"841",10,5.8,7,4,"1990"
"842",6.4,6,9,4,"1990"
"843",35,5.5,8,4,"2010"
"844",10,5.7,7,4,"2010"
"845",13,7,8,4,"2010"
"846",10,6,8,4,"2010"
"847",33,5.5,9,5,"1980"
"848",33,5.7,9,5,"1980"
"849",24,7.7,9,5,"1980"
"850",20,5.5,6,2,"1990"
"851",10,6.3,5,2,"1990"
"852",20.6,5.7,8,2,"2000"
"853",20.8,5.6,7,2,"2000"
"854",20.8,6.1,6,2,"2000"
"855",27.7,7.8,9,2,"2000"
"856",224.6,6.5,7,2,"2010"
"857",213.5,6.3,8,2,"2010"
"858",10,5.5,8,2,"2010"
"859",10,5.5,8,2,"2010"
"860",10,5.6,6,2,"2010"
"861",40,7.1,6,6,"1980"
"862",40,7.1,6,2,"1980"
"863",33,5.7,6,6,"1980"
"864",33,5.7,9,2,"1980"
"865",33,5.6,6,6,"1980"
"866",33,5.6,5,2,"1980"
"867",33,5.8,6,6,"1980"
"868",33,5.8,5,2,"1980"
"869",48,5.6,6,6,"1980"
"870",48,5.6,7,2,"1980"
"871",573.4,6.4,4,2,"1990"
"872",33,6.1,4,2,"1990"
"873",100,5.8,7,2,"2000"
"874",10,5.6,3,2,"2000"
"875",10,5.7,3,2,"2000"
"876",21.8,5.6,9,2,"2016"
"877",30,7.3,8,6,"1970"
"878",99.9,5.6,6,2,"2016"
"879",10,5.7,7,2,"2016"
"880",10,6.9,8,2,"2016"
"881",12.34,5.6,9,2,"2016"
"882",30,7.5,8,2,"1970"
"883",16.9,6.7,6,2,"1990"
"884",33,6,8,2,"1990"
"885",35.9,5.8,5,2,"1990"
"886",33,5.5,6,6,"2000"
"887",10,5.6,6,6,"2000"
"888",9.6,6.4,8,6,"2000"
"889",11.1,5.6,7,2,"2010"
"890",50,6.7,7,2,"1970"
"891",50,5.6,4,2,"1970"
"892",15,6.1,6,2,"1980"
"893",104.2,7,6,5,"1990"
"894",10,5.6,8,3,"2000"
"895",33,5.8,8,3,"2000"
"896",33,5.5,8,3,"2000"
"897",10,5.9,7,2,"2010"
"898",14,5.8,6,2,"2016"
"899",10,5.8,8,6,"2016"
"900",20,6.1,8,6,"2016"
"901",22.56,7.6,8,6,"2016"
"902",31.69,5.8,6,6,"2016"
"903",22.5,5.7,6,2,"1980"
"904",23.5,5.6,6,2,"1980"
"905",22.5,6.2,6,2,"1980"
"906",17.2,5.5,6,2,"2010"
"907",10,6.1,9,2,"2010"
"908",10,5.8,9,2,"2010"
"909",19,7.9,9,2,"2010"
"910",21.7,5.6,9,2,"2010"
"911",10,5.7,9,2,"2010"
"912",10,5.7,9,2,"2010"
"913",10,5.5,9,2,"2010"
"914",10,5.7,9,2,"2016"
"915",15,6.3,6,2,"2016"
"916",13.01,5.5,8,2,"2016"
"917",15,7.3,6,2,"2016"
"918",35,6.8,9,2,"2016"
"919",32.1,7,2,2,"1970"
"920",27.5,6.3,8,2,"1970"
"921",35,5.7,6,2,"1970"
"922",34,6.1,8,5,"1980"
"923",13,5.5,8,5,"1980"
"924",45,5.7,8,2,"1980"
"925",33,5.7,8,2,"1980"
"926",44,7.7,8,2,"1980"
"927",82.1,5.6,5,2,"1990"
"928",5.8,5.8,10,2,"1990"
"929",247.1,5.5,7,2,"1990"
"930",35,7.5,6,2,"2010"
"931",39.3,5.7,6,2,"1970"
"932",39.3,5.7,6,2,"1970"
"933",25,5.9,6,4,"1990"
"934",37,6.6,6,4,"1990"
"935",37,6.4,6,4,"1990"
"936",10,5.5,6,4,"1990"
"937",87.5,5.5,8,2,"1990"
"938",39.7,5.9,7,2,"1990"
"939",10,5.7,6,2,"1990"
"940",10.7,5.6,8,3,"2000"
"941",16.7,7.7,8,2,"2000"
"942",33,6.3,8,2,"2000"
"943",33,5.6,8,2,"2000"
"944",28.5,6,8,2,"2000"
"945",206.7,7.1,5,5,"2010"
"946",35,5.5,7,5,"2010"
"947",112.85,6.1,5,6,"2016"
"948",16.37,7.2,8,6,"2016"
"949",5,7.9,9,2,"1980"
"950",33,5.6,9,2,"1980"
"951",33,5.5,7,2,"1980"
"952",33,6.2,7,2,"1990"
"953",35,5.6,6,2,"2010"
"954",35,5.6,7,2,"2010"
"955",35,5.8,8,2,"2010"
"956",35,5.8,9,2,"2010"
"957",35,7.9,7,2,"2010"
"958",35,7.9,8,2,"2010"
"959",35,5.9,2,2,"2010"
"960",35,5.9,7,2,"2010"
"961",35,5.5,6,2,"2010"
"962",35,5.5,3,2,"2010"
"963",34,8.4,9,2,"2010"
"964",34,8.4,7,2,"2010"
"965",14,6.4,9,5,"2010"
"966",10,5.8,8,2,"2016"
"967",16,5.8,9,2,"1990"
"968",25.3,6.9,10,6,"2000"
"969",43.5,5.5,6,6,"2000"
"970",33,6.5,4,6,"2000"
"971",102.1,5.5,7,6,"2000"
"972",33,6,7,6,"2000"
"973",35,6.5,8,2,"1970"
"974",45,5.7,8,2,"1970"
"975",36,5.5,6,2,"2000"
"976",19.6,6,7,2,"2000"
"977",34,7,9,2,"2000"
"978",10,6,7,2,"2010"
"979",12,6.7,7,2,"2016"
"980",27,5.6,5,2,"2016"
"981",2.09,6.2,5,6,"2016"
"982",9.91,5.7,6,6,"2016"
"983",13.99,6.1,8,6,"2016"
"984",10,5.7,7,6,"2016"
"985",10,5.5,7,6,"2016"
"986",108.78,5.7,8,6,"2016"
"987",10.06,5.8,6,6,"2016"
"988",14.59,5.7,6,6,"2016"
"989",15.22,7.8,11,6,"2016"
"990",10,6.5,7,6,"2016"
"991",33,6.4,7,3,"1980"
"992",5.6,5.6,8,4,"2010"
"993",60,7.7,8,4,"2010"
"994",10,8.1,9,2,"2010"
"995",10,5.5,6,2,"2010"
"996",10,6,6,2,"2010"
"997",10,5.8,6,2,"2010"
"998",20,6.4,9,4,"2016"
"999",5,6.3,8,2,"1990"
"1000",33,5.8,8,2,"1990"
"1001",10,5.7,4,2,"1990"
"1002",10,5.7,5,2,"1990"
"1003",10,5.7,7,3,"1990"
"1004",10,6.7,4,2,"1990"
"1005",10,6.7,5,2,"1990"
"1006",10,6.7,7,3,"1990"
"1007",10,5.9,4,2,"1990"
"1008",10,5.9,5,2,"1990"
"1009",10,5.9,7,3,"1990"
"1010",33,5.5,4,2,"1990"
"1011",33,5.5,5,2,"1990"
"1012",33,5.5,7,3,"1990"
"1013",11.1,5.6,4,2,"1990"
"1014",11.1,5.6,5,2,"1990"
"1015",11.1,5.6,7,3,"1990"
"1016",12.1,6.3,4,2,"1990"
"1017",12.1,6.3,5,2,"1990"
"1018",12.1,6.3,7,3,"1990"
"1019",33,6.2,4,2,"1990"
"1020",33,6.2,5,2,"1990"
"1021",33,6.2,7,3,"1990"
"1022",12.9,6.1,9,2,"2000"
"1023",22.4,5.6,8,2,"2000"
"1024",9.4,5.6,5,3,"2010"
"1025",35,6,7,2,"1970"
"1026",10,5.9,7,2,"1970"
"1027",105,5.7,8,2,"1990"
"1028",16.1,6.2,8,2,"1990"
"1029",614.6,5.5,7,3,"2000"
"1030",10,5.7,6,3,"2000"
"1031",21.5,5.5,9,3,"2000"
"1032",36,7.4,6,4,"2010"
"1033",10,6.6,6,4,"2010"
"1034",591,5.6,6,2,"2010"
"1035",19,6.2,10,2,"2010"
"1036",85,6.1,8,5,"1980"
"1037",4,6.9,8,5,"1980"
"1038",50,6.1,8,4,"1980"
"1039",27.2,6.7,8,2,"2000"
"1040",25.2,6.1,8,2,"2000"
"1041",197.4,6.4,8,2,"2000"
"1042",52.3,5.5,9,2,"2010"
"1043",54,6,5,2,"2010"
"1044",10,5.5,7,2,"2016"
"1045",79,6.3,6,2,"2016"
"1046",98,5.5,7,3,"1980"
"1047",33,5.7,7,3,"1980"
"1048",98.9,5.9,7,2,"1990"
"1049",50.7,7,6,2,"1990"
"1050",34,6,5,4,"2010"
"1051",12.1,5.5,5,4,"2010"
"1052",10,6.1,5,4,"2010"
"1053",100.2,5.5,8,2,"2010"
"1054",17,6.9,8,2,"2010"
"1055",13.37,5.5,8,6,"2016"
"1056",39,7.4,6,6,"2016"
"1057",10,5.6,7,6,"2016"
"1058",10,6.6,9,6,"2016"
"1059",12.45,5.6,7,6,"2016"
"1060",10,5.7,9,6,"2016"
"1061",4,5.7,7,6,"2016"
"1062",33,5.5,7,3,"1990"
"1063",29.7,5.5,7,3,"1990"
"1064",33,5.6,7,3,"1990"
"1065",39.5,5.9,7,3,"1990"
"1066",10,5.8,7,3,"1990"
"1067",20.6,6.4,8,6,"1990"
"1068",576.7,5.9,8,3,"2000"
"1069",14,6.6,8,3,"2000"
"1070",33,6.1,8,2,"2000"
"1071",196,6.5,7,2,"2000"
"1072",25.1,5.5,7,2,"1990"
"1073",40.6,5.7,8,2,"1990"
"1074",18.6,5.8,8,5,"2010"
"1075",115.6,7.8,6,5,"2010"
"1076",10,5.9,7,5,"2010"
"1077",103,5.6,7,4,"2010"
"1078",23,6.7,5,4,"2010"
"1079",7.8,6.9,8,2,"2010"
"1080",6.1,5.9,6,6,"2016"
"1081",61.1,6.3,3,6,"2016"
"1082",12,7.3,9,5,"1980"
"1083",45,5.5,8,5,"1980"
"1084",5,5.7,8,5,"1980"
"1085",80.4,5.9,6,4,"1990"
"1086",59.4,5.5,4,2,"1990"
"1087",216.8,6.4,4,2,"1990"
"1088",10,5.5,4,2,"1990"
"1089",10,5.7,8,5,"2010"
"1090",35,6,7,5,"2010"
"1091",35,6.2,7,6,"1970"
"1092",35,7.2,8,6,"1970"
"1093",30,6,10,6,"1970"
"1094",25,7.4,9,6,"1970"
"1095",30,5.8,9,6,"1970"
"1096",25,6.1,5,6,"1970"
"1097",10,5.7,8,3,"1970"
"1098",10,5.7,6,6,"1970"
"1099",364.3,6.3,8,3,"1970"
"1100",364.3,6.3,9,6,"1970"
